House_number,Date,Energy Demand
1,12-10-2017,7.098
1,13-10-2017,11.087
1,14-10-2017,13.223
1,15-10-2017,10.257
1,16-10-2017,9.769
1,17-10-2017,10.885
1,18-10-2017,10.751
1,19-10-2017,8.431
1,20-10-2017,17.578
1,21-10-2017,24.49
1,22-10-2017,18.885
1,23-10-2017,10.485
1,24-10-2017,15.537
1,25-10-2017,13.128
1,26-10-2017,15.065
1,27-10-2017,16.886
1,28-10-2017,19.629
1,29-10-2017,12.779
1,30-10-2017,13.961
1,31-10-2017,17.822
1,01-11-2017,12.209
1,02-11-2017,14.554
1,03-11-2017,14.347
1,04-11-2017,14.507
1,05-11-2017,15.095
1,06-11-2017,11.663
1,07-11-2017,13.137
1,08-11-2017,0.186
1,09-11-2017,16.722
1,10-11-2017,13.245
1,11-11-2017,10.699
1,12-11-2017,12.321
1,13-11-2017,10.264
1,14-11-2017,10.82
1,15-11-2017,9.808
1,16-11-2017,13.116
1,17-11-2017,9.77
1,18-11-2017,13.779
1,19-11-2017,10.147
1,20-11-2017,11.479
1,21-11-2017,10.637
1,22-11-2017,9.44
1,23-11-2017,10.051
1,24-11-2017,11.023
1,25-11-2017,10.545
1,26-11-2017,9.876
1,27-11-2017,10.978
1,28-11-2017,10.743
1,29-11-2017,10.771
1,30-11-2017,13.088
1,01-12-2017,12.783
1,02-12-2017,15.354
1,03-12-2017,10.167
1,04-12-2017,11.143
1,05-12-2017,11.714
1,06-12-2017,11.85
1,07-12-2017,13.248
1,08-12-2017,13.442
1,09-12-2017,11.355
1,10-12-2017,10.123
1,11-12-2017,12.859
1,12-12-2017,11.971
1,13-12-2017,10.922
1,14-12-2017,10.584
1,15-12-2017,14.257
1,16-12-2017,16.497
1,17-12-2017,12.202
1,18-12-2017,10.255
1,19-12-2017,12.265
1,20-12-2017,11.122
1,21-12-2017,11.95
1,22-12-2017,17.932
1,23-12-2017,7.977
1,24-12-2017,4.983
1,25-12-2017,4.909
1,26-12-2017,7.65
1,27-12-2017,13.146
1,28-12-2017,11.157
1,29-12-2017,10.8
1,30-12-2017,11.112
1,31-12-2017,10.033
1,01-01-2018,10.8
1,02-01-2018,13.3
1,03-01-2018,10.074
1,04-01-2018,9.857
1,05-01-2018,11.171
1,06-01-2018,10.293
1,07-01-2018,9.439
1,08-01-2018,11.64
1,09-01-2018,15.259
1,10-01-2018,10.74
1,11-01-2018,10.979
1,12-01-2018,10.586
1,13-01-2018,10.36
1,14-01-2018,12.273
1,15-01-2018,9.83
1,16-01-2018,14.408
1,17-01-2018,9.857
1,18-01-2018,16.922
1,19-01-2018,15.742
1,20-01-2018,11.53
1,21-01-2018,12.666
1,22-01-2018,10.87
1,23-01-2018,10.99
1,24-01-2018,12.124
1,25-01-2018,11.26
1,26-01-2018,16.348
1,27-01-2018,11.466
1,28-01-2018,9.907
1,29-01-2018,9.886
1,30-01-2018,10.297
1,31-01-2018,9.208
1,01-02-2018,9.953
1,02-02-2018,15.097
1,03-02-2018,11.29
1,04-02-2018,8.798
1,05-02-2018,14.146
1,06-02-2018,14.222
1,07-02-2018,11.684
1,08-02-2018,9.635
1,09-02-2018,14.746
1,10-02-2018,15.871
1,11-02-2018,11.514
1,12-02-2018,10.958
1,13-02-2018,11.151
1,14-02-2018,10.042
1,15-02-2018,11.33
1,16-02-2018,10.807
1,17-02-2018,9.221
1,18-02-2018,9.563
1,19-02-2018,11.293
1,20-02-2018,10.941
1,21-02-2018,20.912
1,22-02-2018,24.018
1,23-02-2018,14.125
1,24-02-2018,19.751
1,25-02-2018,11.198
1,26-02-2018,11.175
1,27-02-2018,15.769
1,28-02-2018,32.628
1,01-03-2018,39.284
1,02-03-2018,26.292
1,03-03-2018,23.58
1,04-03-2018,25.447
1,05-03-2018,32.856
1,06-03-2018,16.637
1,07-03-2018,27.718
1,08-03-2018,18.876
1,09-03-2018,10.858
1,10-03-2018,19.191
1,11-03-2018,13.658
1,12-03-2018,16.135
1,13-03-2018,12.956
1,14-03-2018,12.286
1,15-03-2018,13.165
1,16-03-2018,12.652
1,17-03-2018,17.383
1,18-03-2018,13.295
1,19-03-2018,12.519
1,20-03-2018,14.014
1,21-03-2018,10.727
1,22-03-2018,13.524
1,23-03-2018,25.599
1,24-03-2018,16.021
1,25-03-2018,5.781
1,26-03-2018,4.985
1,27-03-2018,5.097
1,28-03-2018,4.929
1,29-03-2018,4.841
1,30-03-2018,4.931
1,31-03-2018,4.933
1,01-04-2018,4.95
1,02-04-2018,12.014
1,03-04-2018,11.421
1,04-04-2018,16.502
1,05-04-2018,14.555
1,06-04-2018,16.679
1,07-04-2018,13.424
1,08-04-2018,14.138
1,09-04-2018,13.627
1,10-04-2018,13.934
1,11-04-2018,13.214
1,12-04-2018,12.563
1,13-04-2018,25.958
1,14-04-2018,12.631
1,15-04-2018,13.937
1,16-04-2018,10.94
1,17-04-2018,9.049
1,18-04-2018,10.346
1,19-04-2018,10.303
1,20-04-2018,17.925
1,21-04-2018,13.58
1,22-04-2018,8.969
1,23-04-2018,8.225
1,24-04-2018,8.686
1,25-04-2018,9.481
1,26-04-2018,9.984
1,27-04-2018,9.625
1,28-04-2018,9.864
1,29-04-2018,7.571
1,30-04-2018,8.64
1,01-05-2018,8.069
1,02-05-2018,9.343
1,03-05-2018,8.109
1,04-05-2018,9.351
1,05-05-2018,8.826
1,06-05-2018,7.418
1,07-05-2018,7.607
1,08-05-2018,8.576
1,09-05-2018,8.391
1,10-05-2018,12.304
1,11-05-2018,10.111
1,12-05-2018,12.405
1,13-05-2018,8.24
1,14-05-2018,9.752
1,15-05-2018,8.34
1,16-05-2018,9.214
1,17-05-2018,9.638
1,18-05-2018,9.714
1,19-05-2018,10.747
1,20-05-2018,9.356
1,21-05-2018,10.899
1,22-05-2018,10.492
1,23-05-2018,9.423
1,24-05-2018,10.342
1,25-05-2018,9.509
1,26-05-2018,11.917
1,27-05-2018,11.161
1,28-05-2018,12.182
1,29-05-2018,11.099
1,30-05-2018,11.431
1,31-05-2018,10.098
1,01-06-2018,12.555
1,02-06-2018,12.082
1,03-06-2018,10.694
1,04-06-2018,11.065
1,05-06-2018,9.62
1,06-06-2018,9.343
1,07-06-2018,11.9
1,08-06-2018,9.598
1,09-06-2018,9.234
1,10-06-2018,8.24
1,11-06-2018,9.321
1,12-06-2018,9.375
1,13-06-2018,8.629
1,14-06-2018,8.761
1,15-06-2018,13.881
1,16-06-2018,11.62
1,17-06-2018,12.253
1,18-06-2018,10.138
1,19-06-2018,11.27
1,20-06-2018,8.717
1,21-06-2018,10.748
1,22-06-2018,8.182
1,23-06-2018,11.157
1,24-06-2018,7.651
1,25-06-2018,9.596
1,26-06-2018,8.857
1,27-06-2018,8.69
1,28-06-2018,10.441
1,29-06-2018,8.911
1,30-06-2018,7.594
1,01-07-2018,7.806
1,02-07-2018,8.958
1,03-07-2018,9.458
1,04-07-2018,9.37
1,05-07-2018,9.138
1,06-07-2018,9.435
1,07-07-2018,10.61
1,08-07-2018,7.405
1,09-07-2018,5.192
1,10-07-2018,5.368
1,11-07-2018,6.046
1,12-07-2018,4.995
1,13-07-2018,11.581
1,14-07-2018,12.957
1,15-07-2018,7.356
1,16-07-2018,10.737
1,17-07-2018,9.367
1,18-07-2018,11.62
1,19-07-2018,8.511
1,20-07-2018,9.344
1,21-07-2018,8.922
1,22-07-2018,8.216
1,23-07-2018,9.527
1,24-07-2018,8.265
1,25-07-2018,9.717
1,26-07-2018,10.316
1,27-07-2018,8.831
1,28-07-2018,8.154
1,29-07-2018,6.781
1,30-07-2018,8.843
1,31-07-2018,8.495
1,01-08-2018,7.92
1,02-08-2018,8.847
1,03-08-2018,7.746
1,04-08-2018,9.085
1,05-08-2018,9.564
1,06-08-2018,8.745
1,07-08-2018,8.784
1,08-08-2018,8.303
1,09-08-2018,9.381
1,10-08-2018,8.562
1,11-08-2018,8.567
1,12-08-2018,8.021
1,13-08-2018,7.709
1,14-08-2018,9.252
1,15-08-2018,10.068
1,16-08-2018,9.098
1,17-08-2018,8.702
1,18-08-2018,8.464
1,19-08-2018,8.498
1,20-08-2018,8.225
1,21-08-2018,9.566
1,22-08-2018,8.019
1,23-08-2018,8.18
1,24-08-2018,8.955
1,25-08-2018,8.91
1,26-08-2018,8.058
1,27-08-2018,10.4
1,28-08-2018,7.937
1,29-08-2018,9.9
1,30-08-2018,8.046
1,31-08-2018,8.538
1,01-09-2018,8.052
1,02-09-2018,9.104
1,03-09-2018,5.722
1,04-09-2018,5.071
1,05-09-2018,5.053
1,06-09-2018,5.04
1,07-09-2018,4.783
1,08-09-2018,4.713
1,09-09-2018,4.57
1,10-09-2018,4.548
1,11-09-2018,4.995
1,12-09-2018,10.985
1,13-09-2018,12.525
1,14-09-2018,13.236
1,15-09-2018,11.626
1,16-09-2018,12.157
1,17-09-2018,13.629
1,18-09-2018,14.61
1,19-09-2018,21.969
1,20-09-2018,19.563
1,21-09-2018,16.236
1,22-09-2018,12.847
1,23-09-2018,12.034
1,24-09-2018,13.234
1,25-09-2018,9.384
1,26-09-2018,11.378
1,27-09-2018,8.993
1,28-09-2018,12.718
1,29-09-2018,14.694
1,30-09-2018,18.271
1,01-10-2018,20.042
1,02-10-2018,9.379
1,03-10-2018,8.072
1,04-10-2018,8.707
1,05-10-2018,8.687
1,06-10-2018,8.628
1,07-10-2018,9.695
1,08-10-2018,10.365
1,09-10-2018,10.074
1,10-10-2018,11.084
1,11-10-2018,11.654
1,12-10-2018,5.909
1,13-10-2018,14.136
1,14-10-2018,10.46
1,15-10-2018,20.372
1,16-10-2018,22.108
1,17-10-2018,16.087
1,18-10-2018,16.662
1,19-10-2018,13.422
1,20-10-2018,18.601
1,21-10-2018,12.294
1,22-10-2018,11.088
1,23-10-2018,9.155
1,24-10-2018,9.258
1,25-10-2018,13.686
1,26-10-2018,11.677
1,27-10-2018,10.192
1,28-10-2018,15.18
1,29-10-2018,11.762
1,30-10-2018,10.397
1,31-10-2018,9.519
1,01-11-2018,9.384
1,02-11-2018,13.312
1,03-11-2018,16.2
1,04-11-2018,9.736
1,05-11-2018,21.503
1,06-11-2018,11.627
1,07-11-2018,11.834
1,08-11-2018,26.19
1,09-11-2018,12.202
1,10-11-2018,25.556
1,11-11-2018,28.659
1,12-11-2018,18.259
1,13-11-2018,12.27
1,14-11-2018,12.202
1,15-11-2018,13.78
1,16-11-2018,9.943
1,17-11-2018,9.094
1,18-11-2018,10.364
1,19-11-2018,11.045
1,20-11-2018,16.814
1,21-11-2018,11.73
1,22-11-2018,11.528
1,23-11-2018,11.214
1,24-11-2018,14.341
1,25-11-2018,9.56
1,26-11-2018,10.631
1,27-11-2018,11.265
1,28-11-2018,10.513
1,29-11-2018,11.51
1,30-11-2018,7.858
1,01-12-2018,12.918
1,02-12-2018,9.061
1,03-12-2018,14.641
1,04-12-2018,17.015
1,05-12-2018,10.495
1,06-12-2018,14.649
1,07-12-2018,11.76
1,08-12-2018,18.28
1,09-12-2018,11.522
1,10-12-2018,12.882
1,11-12-2018,12.935
1,12-12-2018,12.897
1,13-12-2018,12.486
1,14-12-2018,11.432
1,15-12-2018,12.214
1,16-12-2018,12.406
1,17-12-2018,18.477
1,18-12-2018,14.436
1,19-12-2018,12.073
1,20-12-2018,13.171
1,21-12-2018,11.247
1,22-12-2018,12.025
1,23-12-2018,6.721
1,24-12-2018,4.781
1,25-12-2018,4.65
1,26-12-2018,4.706
1,27-12-2018,9.122
1,28-12-2018,14.153
1,29-12-2018,14.982
1,30-12-2018,15.082
1,31-12-2018,13.746
1,01-01-2019,15.496
1,02-01-2019,14.195
1,03-01-2019,11.382
1,04-01-2019,16.176
1,05-01-2019,14.418
1,06-01-2019,14.302
1,07-01-2019,16.492
1,08-01-2019,13.079
1,09-01-2019,14.577
1,10-01-2019,14.964
1,11-01-2019,14.466
1,12-01-2019,16.034
1,13-01-2019,18.266
1,14-01-2019,18.532
1,15-01-2019,19.011
1,16-01-2019,15.802
1,17-01-2019,14.894
1,18-01-2019,12.371
1,19-01-2019,14.8
1,20-01-2019,12.486
1,21-01-2019,16.025
1,22-01-2019,14.116
1,23-01-2019,12.585
1,24-01-2019,14.54
1,25-01-2019,14.039
1,26-01-2019,24.04
1,27-01-2019,22.629
1,28-01-2019,14.388
1,29-01-2019,20.304
1,30-01-2019,14.166
1,31-01-2019,21.574
1,01-02-2019,11.425
1,02-02-2019,27.272
1,03-02-2019,17.468
1,04-02-2019,24.363
1,05-02-2019,17.018
1,06-02-2019,13.352
1,07-02-2019,16.663
1,08-02-2019,17.172
1,09-02-2019,12.657
1,10-02-2019,10.846
1,11-02-2019,15.586
1,12-02-2019,13.812
1,13-02-2019,11.723
1,14-02-2019,13.497
1,15-02-2019,12.57
1,16-02-2019,21.94
1,17-02-2019,12.917
1,18-02-2019,17.066
1,19-02-2019,14.997
1,20-02-2019,11.876
1,21-02-2019,13.083
1,22-02-2019,12.734
1,23-02-2019,14.886
1,24-02-2019,12.528
1,25-02-2019,11.826
1,26-02-2019,12.328
1,27-02-2019,20.518
1,28-02-2019,2.774
2,20-02-2017,7.561
2,21-02-2017,32.218
2,22-02-2017,19.609
2,23-02-2017,21.694
2,24-02-2017,15.817
2,25-02-2017,15.634
2,26-02-2017,18.373
2,27-02-2017,19.237
2,28-02-2017,14.952
2,29-02-2017,13.759
2,01-03-2017,10.579
2,02-03-2017,11.323
2,03-03-2017,11.599
2,04-03-2017,15.762
2,05-03-2017,12.884
2,06-03-2017,48.174
2,07-03-2017,42.511
2,08-03-2017,24.487
2,09-03-2017,20.936
2,10-03-2017,23.201
2,11-03-2017,19.149
2,12-03-2017,22.383
2,13-03-2017,22.386
2,14-03-2017,23.614
2,15-03-2017,22.594
2,16-03-2017,22.88
2,17-03-2017,22.911
2,18-03-2017,22.064
2,19-03-2017,22.16
2,20-03-2017,21.659
2,21-03-2017,20.808
2,22-03-2017,20.268
2,23-03-2017,22.878
2,24-03-2017,16.21
2,25-03-2017,5.109
2,26-03-2017,3.912
2,27-03-2017,3.972
2,28-03-2017,3.886
2,29-03-2017,3.891
2,30-03-2017,4.315
2,31-03-2017,4.013
2,01-04-2017,3.876
2,02-04-2017,7.073
2,03-04-2017,20.782
2,04-04-2017,14.595
2,05-04-2017,14.705
2,06-04-2017,16.949
2,07-04-2017,16.471
2,08-04-2017,14.751
2,09-04-2017,17.889
2,10-04-2017,12.095
2,11-04-2017,14.026
2,12-04-2017,19.16
2,13-04-2017,15.14
2,14-04-2017,15.186
2,15-04-2017,14.595
2,16-04-2017,18.422
2,17-04-2017,15.035
2,18-04-2017,17.264
2,19-04-2017,15.104
2,20-04-2017,15.24
2,21-04-2017,12.696
2,22-04-2017,14.203
2,23-04-2017,15.637
2,24-04-2017,15.349
2,25-04-2017,14.16
2,26-04-2017,13.802
2,27-04-2017,14.783
2,28-04-2017,14.172
2,29-04-2017,16.486
2,30-04-2017,11.494
2,01-05-2017,11.154
2,02-05-2017,11.707
2,03-05-2017,14.341
2,04-05-2017,15.388
2,05-05-2017,11.095
2,06-05-2017,10.936
2,07-05-2017,17.254
2,08-05-2017,13.262
2,09-05-2017,13.555
2,10-05-2017,11.486
2,11-05-2017,13.783
2,12-05-2017,15.012
2,13-05-2017,12.615
2,14-05-2017,13.773
2,15-05-2017,14.666
2,16-05-2017,15.577
2,17-05-2017,12.45
2,18-05-2017,13.66
2,19-05-2017,13.714
2,20-05-2017,13.583
2,21-05-2017,12.032
2,22-05-2017,13.376
2,23-05-2017,13.197
2,24-05-2017,14.082
2,25-05-2017,13.336
2,26-05-2017,12.744
2,27-05-2017,12.817
2,28-05-2017,15.167
2,29-05-2017,13.011
2,30-05-2017,12.3
2,31-05-2017,11.884
2,01-06-2017,13.782
2,02-06-2017,12.385
2,03-06-2017,14.153
2,04-06-2017,13.323
2,05-06-2017,11.94
2,06-06-2017,13.957
2,07-06-2017,11.541
2,08-06-2017,14.115
2,09-06-2017,12.851
2,10-06-2017,12.038
2,11-06-2017,13.055
2,12-06-2017,13.805
2,13-06-2017,10.943
2,14-06-2017,13.145
2,15-06-2017,14.032
2,16-06-2017,13.931
2,17-06-2017,14.574
2,18-06-2017,14.139
2,19-06-2017,11.994
2,20-06-2017,13.969
2,21-06-2017,12.444
2,22-06-2017,12.796
2,23-06-2017,12.731
2,24-06-2017,11.915
2,25-06-2017,14.053
2,26-06-2017,11.243
2,27-06-2017,13.18
2,28-06-2017,13.381
2,29-06-2017,12.61
2,30-06-2017,12.606
2,01-07-2017,12.359
2,02-07-2017,12.775
2,03-07-2017,11.584
2,04-07-2017,12.7
2,05-07-2017,13.724
2,06-07-2017,13.985
2,07-07-2017,12.293
2,08-07-2017,12.13
2,09-07-2017,11.406
2,10-07-2017,12.223
2,11-07-2017,10.47
2,12-07-2017,12.931
2,13-07-2017,14.296
2,14-07-2017,11.907
2,15-07-2017,11.965
2,16-07-2017,14.019
2,17-07-2017,13.076
2,18-07-2017,13.238
2,19-07-2017,10.829
2,20-07-2017,13.142
2,21-07-2017,11.969
2,22-07-2017,12.289
2,23-07-2017,12.252
2,24-07-2017,14.177
2,25-07-2017,13.689
2,26-07-2017,15.918
2,27-07-2017,14.365
2,28-07-2017,10.861
2,29-07-2017,8.285
2,30-07-2017,7.542
2,31-07-2017,10.597
2,01-08-2017,7.585
2,02-08-2017,8.005
2,03-08-2017,12.963
2,04-08-2017,16.446
2,05-08-2017,11.126
2,06-08-2017,13.071
2,07-08-2017,12.627
2,08-08-2017,13.935
2,09-08-2017,14.473
2,10-08-2017,14.468
2,11-08-2017,13.248
2,12-08-2017,11.087
2,13-08-2017,12.424
2,14-08-2017,12.185
2,15-08-2017,12.975
2,16-08-2017,12.96
2,17-08-2017,13.789
2,18-08-2017,14.026
2,19-08-2017,12.692
2,20-08-2017,13.359
2,21-08-2017,13.546
2,22-08-2017,13.264
2,23-08-2017,13.134
2,24-08-2017,12.908
2,25-08-2017,12.31
2,26-08-2017,12.447
2,27-08-2017,13.116
2,28-08-2017,11.629
2,29-08-2017,14.229
2,30-08-2017,12.979
2,31-08-2017,13.29
2,01-09-2017,15.246
2,02-09-2017,12.83
2,03-09-2017,12.505
2,04-09-2017,13.843
2,05-09-2017,12.161
2,06-09-2017,13.008
2,07-09-2017,13.013
2,08-09-2017,13.212
2,09-09-2017,12.817
2,10-09-2017,13.089
2,11-09-2017,11.929
2,12-09-2017,12.834
2,13-09-2017,13.488
2,14-09-2017,14.136
2,15-09-2017,11.713
2,16-09-2017,11.577
2,17-09-2017,12.333
2,18-09-2017,12.954
2,19-09-2017,13.886
2,20-09-2017,13.921
2,21-09-2017,13.727
2,22-09-2017,12.473
2,23-09-2017,12.404
2,24-09-2017,13.543
2,25-09-2017,12.545
2,26-09-2017,11.762
2,27-09-2017,12.441
2,28-09-2017,12.611
2,29-09-2017,13.453
2,30-09-2017,16.513
2,01-10-2017,13.941
2,02-10-2017,11.799
2,03-10-2017,11.853
2,04-10-2017,11.391
2,05-10-2017,13.027
2,06-10-2017,13.286
2,07-10-2017,12.115
2,08-10-2017,13.664
2,09-10-2017,12.446
2,10-10-2017,11.256
2,11-10-2017,13.069
2,12-10-2017,13.434
2,13-10-2017,14.372
2,14-10-2017,15.547
2,15-10-2017,12.77
2,16-10-2017,13.555
2,17-10-2017,44.267
2,18-10-2017,20.815
2,19-10-2017,23.513
2,20-10-2017,21.667
2,21-10-2017,20.247
2,22-10-2017,22.739
2,23-10-2017,20.62
2,24-10-2017,22.104
2,25-10-2017,19.949
2,26-10-2017,20.821
2,27-10-2017,24.632
2,28-10-2017,24.461
2,29-10-2017,20.564
2,30-10-2017,21.139
2,31-10-2017,21.593
2,01-11-2017,20.622
2,02-11-2017,22.613
2,03-11-2017,21.25
2,04-11-2017,21.562
2,05-11-2017,44.65
2,06-11-2017,42.545
2,07-11-2017,41.155
2,08-11-2017,31.727
2,09-11-2017,32.283
2,10-11-2017,32.761
2,11-11-2017,34.804
2,12-11-2017,40.805
2,13-11-2017,40.741
2,14-11-2017,18.173
2,15-11-2017,21.31
2,16-11-2017,20.55
2,17-11-2017,41.918
2,18-11-2017,40.507
2,19-11-2017,42.922
2,20-11-2017,20.378
2,21-11-2017,20.396
2,22-11-2017,21.551
2,23-11-2017,20.422
2,24-11-2017,45.128
2,25-11-2017,41.554
2,26-11-2017,19.643
2,27-11-2017,19.844
2,28-11-2017,39.796
2,29-11-2017,43.099
2,30-11-2017,44.662
2,01-12-2017,42.33
2,02-12-2017,43.22
2,03-12-2017,41.718
2,04-12-2017,41.584
2,05-12-2017,42.458
2,06-12-2017,44.301
2,07-12-2017,43.213
2,08-12-2017,45.4
2,09-12-2017,41.452
2,10-12-2017,43.531
2,11-12-2017,41.014
2,12-12-2017,42.112
2,13-12-2017,44.175
2,14-12-2017,42.62
2,15-12-2017,43.927
2,16-12-2017,47
2,17-12-2017,41.53
2,18-12-2017,37.122
2,19-12-2017,39.844
2,20-12-2017,42.543
2,21-12-2017,45.181
2,22-12-2017,39.92
2,23-12-2017,38.593
2,24-12-2017,44.157
2,25-12-2017,21.519
2,26-12-2017,21.95
2,27-12-2017,40.295
2,28-12-2017,39.043
2,29-12-2017,39.645
2,30-12-2017,41.644
2,31-12-2017,19.524
2,01-01-2018,18.734
2,02-01-2018,19.98
2,03-01-2018,23.522
2,04-01-2018,20.949
2,05-01-2018,22.061
2,06-01-2018,39.806
2,07-01-2018,40.185
2,08-01-2018,40.282
2,09-01-2018,19.656
2,10-01-2018,40.258
2,11-01-2018,40.689
2,12-01-2018,43.441
2,13-01-2018,42.574
2,14-01-2018,40.057
2,15-01-2018,35.001
2,16-01-2018,36.17
2,17-01-2018,37.327
2,18-01-2018,47.99
2,19-01-2018,46.483
2,20-01-2018,43.496
2,21-01-2018,45.641
2,22-01-2018,40.698
2,23-01-2018,42.639
2,24-01-2018,43.096
2,25-01-2018,40.106
2,26-01-2018,41.21
2,27-01-2018,40.569
2,28-01-2018,19.75
2,29-01-2018,18.79
2,30-01-2018,17.891
2,31-01-2018,21.224
2,01-02-2018,21.759
2,02-02-2018,40.441
2,03-02-2018,43.321
2,04-02-2018,39.737
2,05-02-2018,40.286
2,06-02-2018,43.625
2,07-02-2018,42.32
2,08-02-2018,41.473
2,09-02-2018,40.345
2,10-02-2018,42.594
2,11-02-2018,41.367
2,12-02-2018,40.765
2,13-02-2018,41.606
2,14-02-2018,40.257
2,15-02-2018,41.006
2,16-02-2018,42.039
2,17-02-2018,26.182
2,18-02-2018,24.43
2,19-02-2018,21.235
2,20-02-2018,24.387
2,21-02-2018,45.157
2,22-02-2018,43.29
2,23-02-2018,40.939
2,24-02-2018,43.358
2,25-02-2018,41.769
2,26-02-2018,38.933
2,27-02-2018,42.413
2,28-02-2018,40.041
2,01-03-2018,42.63
2,02-03-2018,41.497
2,03-03-2018,45.066
2,04-03-2018,48.269
2,05-03-2018,41.916
2,06-03-2018,41.119
2,07-03-2018,35.237
2,08-03-2018,36.999
2,09-03-2018,16.717
2,10-03-2018,44.955
2,11-03-2018,40.821
2,12-03-2018,39.762
2,13-03-2018,40.745
2,14-03-2018,44.253
2,15-03-2018,42.189
2,16-03-2018,39.08
2,17-03-2018,2.984
2,18-03-2018,2.121
2,19-03-2018,1.705
2,20-03-2018,1.536
2,21-03-2018,1.452
2,22-03-2018,1.861
2,23-03-2018,1.496
2,24-03-2018,1.55
2,25-03-2018,35.577
2,26-03-2018,50.759
2,27-03-2018,42.253
2,28-03-2018,43.769
2,29-03-2018,43.583
2,30-03-2018,41.766
2,31-03-2018,42.014
2,01-04-2018,44.373
2,02-04-2018,43.266
2,03-04-2018,43.664
2,04-04-2018,41.023
2,05-04-2018,43.782
2,06-04-2018,40.892
2,07-04-2018,43.064
2,08-04-2018,42.396
2,09-04-2018,42.251
2,10-04-2018,41.451
2,11-04-2018,40.561
2,12-04-2018,14.953
2,13-04-2018,12.449
2,14-04-2018,11.82
2,15-04-2018,13.033
2,16-04-2018,13.317
2,17-04-2018,14.715
2,18-04-2018,14.435
2,19-04-2018,12.945
2,20-04-2018,13.007
2,21-04-2018,12.213
2,22-04-2018,11.282
2,23-04-2018,12.686
2,24-04-2018,14.341
2,25-04-2018,14.879
2,26-04-2018,13.553
2,27-04-2018,12.112
2,28-04-2018,12.708
2,29-04-2018,14.978
2,30-04-2018,12.109
2,01-05-2018,12.076
2,02-05-2018,14.199
2,03-05-2018,14.96
2,04-05-2018,10.892
2,05-05-2018,11.642
2,06-05-2018,11.375
2,07-05-2018,10.549
2,08-05-2018,10.085
2,09-05-2018,11.402
2,10-05-2018,10.989
2,11-05-2018,11.797
2,12-05-2018,14.059
2,13-05-2018,13.366
2,14-05-2018,11.375
2,15-05-2018,11.56
2,16-05-2018,11.669
2,17-05-2018,10.978
2,18-05-2018,13.025
2,19-05-2018,10.468
2,20-05-2018,10.867
2,21-05-2018,12.55
2,22-05-2018,11.762
2,23-05-2018,11.818
2,24-05-2018,9.443
2,25-05-2018,13.288
2,26-05-2018,10.409
2,27-05-2018,19.107
2,28-05-2018,12.11
2,29-05-2018,12.136
2,30-05-2018,11.037
2,31-05-2018,13.18
2,01-06-2018,11.276
2,02-06-2018,12.707
2,03-06-2018,10.841
2,04-06-2018,10.538
2,05-06-2018,11.301
2,06-06-2018,12.234
2,07-06-2018,11.789
2,08-06-2018,10.84
2,09-06-2018,11.799
2,10-06-2018,10.91
2,11-06-2018,14.187
2,12-06-2018,10.921
2,13-06-2018,11.531
2,14-06-2018,10.699
2,15-06-2018,10.996
2,16-06-2018,15.5
2,17-06-2018,14.096
2,18-06-2018,10.813
2,19-06-2018,12.458
2,20-06-2018,11.191
2,21-06-2018,11.437
2,22-06-2018,13.003
2,23-06-2018,14.935
2,24-06-2018,12.129
2,25-06-2018,12.359
2,26-06-2018,11.636
2,27-06-2018,12.824
2,28-06-2018,11.666
2,29-06-2018,10.799
2,30-06-2018,12.56
2,01-07-2018,13.428
2,02-07-2018,11.163
2,03-07-2018,10.803
2,04-07-2018,10.853
2,05-07-2018,11.651
2,06-07-2018,11.026
2,07-07-2018,10.949
2,08-07-2018,14.086
2,09-07-2018,10.844
2,10-07-2018,11.035
2,11-07-2018,10.36
2,12-07-2018,11.275
2,13-07-2018,11.762
2,14-07-2018,12.89
2,15-07-2018,12.142
2,16-07-2018,12.207
2,17-07-2018,10.975
2,18-07-2018,11.681
2,19-07-2018,12.421
2,20-07-2018,11.622
2,21-07-2018,10.691
2,22-07-2018,13.044
2,23-07-2018,11.149
2,24-07-2018,12.548
2,25-07-2018,12.136
2,26-07-2018,14.191
2,27-07-2018,12.228
2,28-07-2018,10.463
2,29-07-2018,12.737
2,30-07-2018,11.323
2,31-07-2018,15.017
2,01-08-2018,14.434
2,02-08-2018,12.097
2,03-08-2018,10.218
2,04-08-2018,12.464
2,05-08-2018,11.364
2,06-08-2018,11.289
2,07-08-2018,10.049
2,08-08-2018,11.997
2,09-08-2018,12.003
2,10-08-2018,12.152
2,11-08-2018,13.253
2,12-08-2018,12.548
2,13-08-2018,10.83
2,14-08-2018,11.086
2,15-08-2018,12.276
2,16-08-2018,10.948
2,17-08-2018,11.476
2,18-08-2018,10.104
2,19-08-2018,12.195
2,20-08-2018,11.644
2,21-08-2018,10.493
2,22-08-2018,9.988
2,23-08-2018,11.917
2,24-08-2018,11.724
2,25-08-2018,9.709
2,26-08-2018,12.002
2,27-08-2018,12.018
2,28-08-2018,9.44
2,29-08-2018,10.808
2,30-08-2018,12.22
2,31-08-2018,11.371
2,01-09-2018,10.59
2,02-09-2018,15.157
2,03-09-2018,14.881
2,04-09-2018,14.34
2,05-09-2018,12.432
2,06-09-2018,12.056
2,07-09-2018,11.395
2,08-09-2018,10.279
2,09-09-2018,12.313
2,10-09-2018,11.88
2,11-09-2018,10.738
2,12-09-2018,11.076
2,13-09-2018,11.922
2,14-09-2018,12.623
2,15-09-2018,12.965
2,16-09-2018,13.352
2,17-09-2018,10.66
2,18-09-2018,13.136
2,19-09-2018,10.799
2,20-09-2018,12.124
2,21-09-2018,10.111
2,22-09-2018,11.12
2,23-09-2018,11.426
2,24-09-2018,9.966
2,25-09-2018,10.174
2,26-09-2018,13.842
2,27-09-2018,12.837
2,28-09-2018,10.929
2,29-09-2018,10.76
2,30-09-2018,12.989
2,01-10-2018,11.506
2,02-10-2018,10.285
2,03-10-2018,11.773
2,04-10-2018,10.636
2,05-10-2018,12.693
2,06-10-2018,13.546
2,07-10-2018,11.367
2,08-10-2018,11.521
2,09-10-2018,10.229
2,10-10-2018,9.25
2,11-10-2018,10.669
2,12-10-2018,11.349
2,13-10-2018,9.612
2,14-10-2018,12.512
2,15-10-2018,11.559
2,16-10-2018,11.386
2,17-10-2018,9.473
2,18-10-2018,12.154
2,19-10-2018,11.461
2,20-10-2018,10.673
2,21-10-2018,11.013
2,22-10-2018,10.31
2,23-10-2018,10.332
2,24-10-2018,9.794
2,25-10-2018,11.828
2,26-10-2018,12.587
2,27-10-2018,14.2
2,28-10-2018,12.095
2,29-10-2018,10.19
2,30-10-2018,10.533
2,31-10-2018,11.735
2,01-11-2018,13.477
2,02-11-2018,11.235
2,03-11-2018,10.496
2,04-11-2018,12.009
2,05-11-2018,11.058
2,06-11-2018,11.882
2,07-11-2018,12.658
2,08-11-2018,12.594
2,09-11-2018,12.741
2,10-11-2018,13.425
2,11-11-2018,12.147
2,12-11-2018,11.352
2,13-11-2018,12.17
2,14-11-2018,11.487
2,15-11-2018,12.865
2,16-11-2018,13.238
2,17-11-2018,10.769
2,18-11-2018,32.315
2,19-11-2018,31.222
2,20-11-2018,33.038
2,21-11-2018,31.01
2,22-11-2018,31.491
2,23-11-2018,30.357
2,24-11-2018,30.478
2,25-11-2018,31.057
2,26-11-2018,30.477
2,27-11-2018,12.326
2,28-11-2018,14.209
2,29-11-2018,12.299
2,30-11-2018,11.147
2,01-12-2018,11.853
2,02-12-2018,12.641
2,03-12-2018,12.181
2,04-12-2018,11.682
2,05-12-2018,11.578
2,06-12-2018,12.62
2,07-12-2018,12.508
2,08-12-2018,12.817
2,09-12-2018,13.456
2,10-12-2018,11.661
2,11-12-2018,11.394
2,12-12-2018,12.213
2,13-12-2018,11.578
2,14-12-2018,12.394
2,15-12-2018,30.816
2,16-12-2018,30.803
2,17-12-2018,11.345
2,18-12-2018,13.26
2,19-12-2018,10.189
2,20-12-2018,31.684
2,21-12-2018,12.944
2,22-12-2018,11.767
2,23-12-2018,10.288
2,24-12-2018,34.059
2,25-12-2018,33.797
2,26-12-2018,31.277
2,27-12-2018,31.533
2,28-12-2018,12.015
2,29-12-2018,9.746
2,30-12-2018,10.722
2,31-12-2018,10.015
2,01-01-2019,31.576
2,02-01-2019,30.035
2,03-01-2019,11.481
2,04-01-2019,11.79
2,05-01-2019,9.797
2,06-01-2019,10.64
2,07-01-2019,21.163
2,08-01-2019,10.786
2,09-01-2019,9.39
2,10-01-2019,10.408
2,11-01-2019,31.715
2,12-01-2019,33.109
2,13-01-2019,31.186
2,14-01-2019,29.585
2,15-01-2019,30.71
2,16-01-2019,28.5
2,17-01-2019,31.077
2,18-01-2019,9.701
2,19-01-2019,8.337
2,20-01-2019,9.013
2,21-01-2019,29.167
2,22-01-2019,29.737
2,23-01-2019,10.079
2,24-01-2019,9.579
2,25-01-2019,11.834
2,26-01-2019,9.457
2,27-01-2019,29.542
2,28-01-2019,28.814
2,29-01-2019,32.513
2,30-01-2019,29.738
2,31-01-2019,30.765
2,01-02-2019,30.043
2,02-02-2019,28.395
2,03-02-2019,29.482
2,04-02-2019,29.121
2,05-02-2019,29.715
2,06-02-2019,29.664
2,07-02-2019,31.878
2,08-02-2019,10.008
2,09-02-2019,8.642
2,10-02-2019,9.946
2,11-02-2019,9.013
2,12-02-2019,10.514
2,13-02-2019,29.785
2,14-02-2019,30.235
2,15-02-2019,31.449
2,16-02-2019,31.791
2,17-02-2019,29.306
2,18-02-2019,30.476
2,19-02-2019,10.609
2,20-02-2019,8.76
2,21-02-2019,9.088
2,22-02-2019,9.767
2,23-02-2019,10.831
2,24-02-2019,9.069
2,25-02-2019,9.686
2,26-02-2019,9.072
2,27-02-2019,11.511
2,28-02-2019,0.14
3,08-05-2017,0.725
3,09-05-2017,1.407
3,10-05-2017,1.59
3,11-05-2017,1.552
3,12-05-2017,1.6
3,13-05-2017,1.544
3,14-05-2017,1.456
3,15-05-2017,1.608
3,16-05-2017,1.616
3,17-05-2017,1.696
3,18-05-2017,1.612
3,19-05-2017,1.52
3,20-05-2017,1.676
3,21-05-2017,1.441
3,22-05-2017,1.601
3,23-05-2017,1.507
3,24-05-2017,1.409
3,25-05-2017,1.52
3,26-05-2017,1.313
3,27-05-2017,1.473
3,28-05-2017,1.297
3,29-05-2017,1.297
3,30-05-2017,1.364
3,31-05-2017,1.521
3,01-06-2017,1.505
3,02-06-2017,1.497
3,03-06-2017,1.557
3,04-06-2017,1.584
3,05-06-2017,1.671
3,06-06-2017,1.498
3,07-06-2017,1.612
3,08-06-2017,1.571
3,09-06-2017,1.59
3,10-06-2017,1.61
3,11-06-2017,1.582
3,12-06-2017,1.568
3,13-06-2017,1.682
3,14-06-2017,1.454
3,15-06-2017,0
3,16-06-2017,1.445
3,17-06-2017,1.496
3,18-06-2017,1.533
3,19-06-2017,2.149
3,20-06-2017,1.535
3,21-06-2017,1.362
3,22-06-2017,1.699
3,23-06-2017,1.907
3,24-06-2017,1.723
3,25-06-2017,2.115
3,26-06-2017,1.819
3,27-06-2017,1.621
3,28-06-2017,1.261
3,29-06-2017,1.4
3,30-06-2017,1.559
3,01-07-2017,1.405
3,02-07-2017,1.45
3,03-07-2017,1.687
3,04-07-2017,1.422
3,05-07-2017,1.445
3,06-07-2017,1.426
3,07-07-2017,1.574
3,08-07-2017,1.446
3,09-07-2017,1.621
3,10-07-2017,1.432
3,11-07-2017,1.523
3,12-07-2017,1.462
3,13-07-2017,1.627
3,14-07-2017,1.373
3,15-07-2017,1.582
3,16-07-2017,1.528
3,17-07-2017,1.583
3,18-07-2017,1.506
3,19-07-2017,1.392
3,20-07-2017,1.553
3,21-07-2017,1.422
3,22-07-2017,1.498
3,23-07-2017,1.401
3,24-07-2017,1.416
3,25-07-2017,1.333
3,26-07-2017,1.207
3,27-07-2017,1.439
3,28-07-2017,1.382
3,29-07-2017,1.515
3,30-07-2017,1.435
3,31-07-2017,1.709
3,01-08-2017,1.591
3,02-08-2017,1.478
3,03-08-2017,1.414
3,04-08-2017,1.694
3,05-08-2017,1.9
3,06-08-2017,1.527
3,07-08-2017,1.358
3,08-08-2017,1.551
3,09-08-2017,1.428
3,10-08-2017,1.405
3,11-08-2017,1.43
3,12-08-2017,1.518
3,13-08-2017,1.901
3,14-08-2017,1.831
3,15-08-2017,1.405
3,16-08-2017,1.49
3,17-08-2017,1.408
3,18-08-2017,1.423
3,19-08-2017,1.285
3,20-08-2017,1.372
3,21-08-2017,1.549
3,22-08-2017,1.526
3,23-08-2017,1.429
3,24-08-2017,1.379
3,25-08-2017,1.583
3,26-08-2017,1.462
3,27-08-2017,1.625
3,28-08-2017,1.441
3,29-08-2017,1.567
3,30-08-2017,1.542
3,31-08-2017,1.722
3,01-09-2017,1.418
3,02-09-2017,1.563
3,03-09-2017,1.604
3,04-09-2017,1.394
3,05-09-2017,1.513
3,06-09-2017,1.46
3,07-09-2017,1.61
3,08-09-2017,1.474
3,09-09-2017,1.434
3,10-09-2017,1.557
3,11-09-2017,1.499
3,12-09-2017,1.65
3,13-09-2017,1.475
3,14-09-2017,1.518
3,15-09-2017,1.56
3,16-09-2017,1.581
3,17-09-2017,1.613
3,18-09-2017,1.547
3,19-09-2017,1.604
3,20-09-2017,1.714
3,21-09-2017,1.456
3,22-09-2017,1.53
3,23-09-2017,1.719
3,24-09-2017,1.614
3,25-09-2017,1.747
3,26-09-2017,1.602
3,27-09-2017,1.572
3,28-09-2017,1.543
3,29-09-2017,1.812
3,30-09-2017,1.521
3,01-10-2017,1.618
3,02-10-2017,1.659
3,03-10-2017,1.65
3,04-10-2017,1.452
3,05-10-2017,1.746
3,06-10-2017,1.719
3,07-10-2017,7.354
3,08-10-2017,4.384
3,09-10-2017,1.849
3,10-10-2017,1.858
3,11-10-2017,1.61
3,12-10-2017,1.522
3,13-10-2017,1.728
3,14-10-2017,1.862
3,15-10-2017,1.812
3,16-10-2017,1.538
3,17-10-2017,1.59
3,18-10-2017,1.895
3,19-10-2017,1.597
3,20-10-2017,1.613
3,21-10-2017,1.671
3,22-10-2017,1.532
3,23-10-2017,1.746
3,24-10-2017,1.502
3,25-10-2017,1.729
3,26-10-2017,1.665
3,27-10-2017,1.8
3,28-10-2017,1.775
3,29-10-2017,1.576
3,30-10-2017,1.73
3,31-10-2017,2.051
3,01-11-2017,1.59
3,02-11-2017,1.804
3,03-11-2017,1.626
3,04-11-2017,1.663
3,05-11-2017,1.889
3,06-11-2017,1.647
3,07-11-2017,1.727
3,08-11-2017,1.698
3,09-11-2017,1.675
3,10-11-2017,1.553
3,11-11-2017,1.684
3,12-11-2017,1.797
3,13-11-2017,1.645
3,14-11-2017,1.729
3,15-11-2017,1.553
3,16-11-2017,1.775
3,17-11-2017,2.373
3,18-11-2017,3.6
3,19-11-2017,3.416
3,20-11-2017,1.897
3,21-11-2017,1.764
3,22-11-2017,1.718
3,23-11-2017,1.662
3,24-11-2017,1.685
3,25-11-2017,1.679
3,26-11-2017,1.702
3,27-11-2017,1.815
3,28-11-2017,1.836
3,29-11-2017,1.606
3,30-11-2017,1.89
3,01-12-2017,1.797
3,02-12-2017,1.643
3,03-12-2017,1.78
3,04-12-2017,2.147
3,05-12-2017,1.662
3,06-12-2017,1.902
3,07-12-2017,1.774
3,08-12-2017,1.741
3,09-12-2017,1.832
3,10-12-2017,1.763
3,11-12-2017,1.761
3,12-12-2017,1.846
3,13-12-2017,1.921
3,14-12-2017,1.955
3,15-12-2017,1.646
3,16-12-2017,1.705
3,17-12-2017,1.853
3,18-12-2017,1.788
3,19-12-2017,1.657
3,20-12-2017,1.706
3,21-12-2017,1.966
3,22-12-2017,1.887
3,23-12-2017,1.864
3,24-12-2017,1.814
3,25-12-2017,1.835
3,26-12-2017,1.742
3,27-12-2017,2.708
3,28-12-2017,4.876
3,29-12-2017,3.305
3,30-12-2017,2.792
3,31-12-2017,1.762
3,01-01-2018,1.753
3,02-01-2018,1.916
3,03-01-2018,1.722
3,04-01-2018,1.747
3,05-01-2018,1.614
3,06-01-2018,1.858
3,07-01-2018,1.607
3,08-01-2018,1.743
3,09-01-2018,1.712
3,10-01-2018,1.741
3,11-01-2018,1.739
3,12-01-2018,1.802
3,13-01-2018,1.803
3,14-01-2018,1.952
3,15-01-2018,1.745
3,16-01-2018,1.726
3,17-01-2018,1.805
3,18-01-2018,1.893
3,19-01-2018,1.902
3,20-01-2018,1.704
3,21-01-2018,2.004
3,22-01-2018,2.04
3,23-01-2018,1.611
3,24-01-2018,1.907
3,25-01-2018,1.777
3,26-01-2018,1.847
3,27-01-2018,1.677
3,28-01-2018,1.871
3,29-01-2018,2.284
3,30-01-2018,1.711
3,31-01-2018,1.755
3,01-02-2018,1.762
3,02-02-2018,2.16
3,03-02-2018,5.944
3,04-02-2018,4.326
3,05-02-2018,1.627
3,06-02-2018,1.822
3,07-02-2018,1.816
3,08-02-2018,1.79
3,09-02-2018,1.663
3,10-02-2018,1.837
3,11-02-2018,1.815
3,12-02-2018,1.828
3,13-02-2018,1.856
3,14-02-2018,1.658
3,15-02-2018,1.805
3,16-02-2018,1.804
3,17-02-2018,1.646
3,18-02-2018,1.71
3,19-02-2018,1.884
3,20-02-2018,1.764
3,21-02-2018,1.789
3,22-02-2018,1.908
3,23-02-2018,1.675
3,24-02-2018,1.782
3,25-02-2018,1.925
3,26-02-2018,1.743
3,27-02-2018,1.89
3,28-02-2018,1.746
3,01-03-2018,1.762
3,02-03-2018,1.733
3,03-03-2018,1.802
3,04-03-2018,1.728
3,05-03-2018,1.646
3,06-03-2018,1.594
3,07-03-2018,1.705
3,08-03-2018,1.739
3,09-03-2018,1.566
3,10-03-2018,1.782
3,11-03-2018,1.769
3,12-03-2018,1.831
3,13-03-2018,1.807
3,14-03-2018,1.604
3,15-03-2018,1.749
3,16-03-2018,1.806
3,17-03-2018,1.994
3,18-03-2018,3.044
3,19-03-2018,2.352
3,20-03-2018,2.185
3,21-03-2018,2.101
3,22-03-2018,2.549
3,23-03-2018,2.036
3,24-03-2018,2.542
3,25-03-2018,1.898
3,26-03-2018,2.319
3,27-03-2018,1.82
3,28-03-2018,1.718
3,29-03-2018,1.637
3,30-03-2018,1.711
3,31-03-2018,1.813
3,01-04-2018,1.775
3,02-04-2018,1.754
3,03-04-2018,1.829
3,04-04-2018,1.736
3,05-04-2018,1.694
3,06-04-2018,1.635
3,07-04-2018,1.847
3,08-04-2018,1.635
3,09-04-2018,1.659
3,10-04-2018,1.808
3,11-04-2018,1.766
3,12-04-2018,1.625
3,13-04-2018,1.777
3,14-04-2018,1.763
3,15-04-2018,1.604
3,16-04-2018,1.614
3,17-04-2018,1.558
3,18-04-2018,1.626
3,19-04-2018,1.738
3,20-04-2018,1.799
3,21-04-2018,1.631
3,22-04-2018,1.677
3,23-04-2018,1.592
3,24-04-2018,1.578
3,25-04-2018,1.436
3,26-04-2018,1.691
3,27-04-2018,1.63
3,28-04-2018,1.618
3,29-04-2018,1.696
3,30-04-2018,1.639
3,01-05-2018,1.525
3,02-05-2018,1.606
3,03-05-2018,1.513
3,04-05-2018,1.719
3,05-05-2018,1.556
3,06-05-2018,1.409
3,07-05-2018,1.613
3,08-05-2018,1.485
3,09-05-2018,1.611
3,10-05-2018,1.599
3,11-05-2018,1.555
3,12-05-2018,1.641
3,13-05-2018,1.778
3,14-05-2018,1.638
3,15-05-2018,1.605
3,16-05-2018,1.625
3,17-05-2018,1.612
3,18-05-2018,1.797
3,19-05-2018,1.467
3,20-05-2018,1.706
3,21-05-2018,1.616
3,22-05-2018,1.534
3,23-05-2018,1.629
3,24-05-2018,1.72
3,25-05-2018,1.688
3,26-05-2018,1.561
3,27-05-2018,1.653
3,28-05-2018,1.62
3,29-05-2018,1.572
3,30-05-2018,1.715
3,31-05-2018,1.593
3,01-06-2018,1.549
3,02-06-2018,1.475
3,03-06-2018,1.846
3,04-06-2018,1.557
3,05-06-2018,1.415
3,06-06-2018,1.63
3,07-06-2018,1.447
3,08-06-2018,1.635
3,09-06-2018,1.633
3,10-06-2018,1.552
3,11-06-2018,1.655
3,12-06-2018,1.577
3,13-06-2018,1.661
3,14-06-2018,1.487
3,15-06-2018,1.713
3,16-06-2018,2.679
3,17-06-2018,3.681
3,18-06-2018,3.351
3,19-06-2018,1.545
3,20-06-2018,1.49
3,21-06-2018,1.407
3,22-06-2018,1.622
3,23-06-2018,1.601
3,24-06-2018,1.531
3,25-06-2018,1.542
3,26-06-2018,1.539
3,27-06-2018,1.56
3,28-06-2018,1.607
3,29-06-2018,1.44
3,30-06-2018,1.452
3,01-07-2018,1.402
3,02-07-2018,1.616
3,03-07-2018,1.469
3,04-07-2018,1.506
3,05-07-2018,1.388
3,06-07-2018,1.526
3,07-07-2018,1.261
3,08-07-2018,1.455
3,09-07-2018,1.487
3,10-07-2018,1.275
3,11-07-2018,1.518
3,12-07-2018,1.422
3,13-07-2018,1.394
3,14-07-2018,1.484
3,15-07-2018,1.255
3,16-07-2018,1.367
3,17-07-2018,1.326
3,18-07-2018,1.182
3,19-07-2018,1.306
3,20-07-2018,1.452
3,21-07-2018,1.4
3,22-07-2018,1.262
3,23-07-2018,1.363
3,24-07-2018,1.325
3,25-07-2018,1.422
3,26-07-2018,1.24
3,27-07-2018,1.451
3,28-07-2018,1.409
3,29-07-2018,1.382
3,30-07-2018,1.538
3,31-07-2018,1.391
3,01-08-2018,1.37
3,02-08-2018,1.374
3,03-08-2018,1.434
3,04-08-2018,1.41
3,05-08-2018,1.452
3,06-08-2018,1.425
3,07-08-2018,1.501
3,08-08-2018,1.374
3,09-08-2018,1.449
3,10-08-2018,1.418
3,11-08-2018,1.58
3,12-08-2018,1.515
3,13-08-2018,1.402
3,14-08-2018,1.563
3,15-08-2018,1.483
3,16-08-2018,1.386
3,17-08-2018,1.58
3,18-08-2018,1.438
3,19-08-2018,1.541
3,20-08-2018,1.453
3,21-08-2018,1.52
3,22-08-2018,1.459
3,23-08-2018,1.401
3,24-08-2018,1.537
3,25-08-2018,1.511
3,26-08-2018,1.473
3,27-08-2018,1.528
3,28-08-2018,1.385
3,29-08-2018,1.44
3,30-08-2018,1.465
3,31-08-2018,1.495
3,01-09-2018,1.512
3,02-09-2018,1.545
3,03-09-2018,1.404
3,04-09-2018,1.357
3,05-09-2018,1.504
3,06-09-2018,1.448
3,07-09-2018,1.432
3,08-09-2018,1.535
3,09-09-2018,1.612
3,10-09-2018,1.634
3,11-09-2018,1.604
3,12-09-2018,1.769
3,13-09-2018,1.565
3,14-09-2018,1.578
3,15-09-2018,1.608
3,16-09-2018,1.736
3,17-09-2018,1.637
3,18-09-2018,1.631
3,19-09-2018,1.589
3,20-09-2018,1.635
3,21-09-2018,1.697
3,22-09-2018,1.681
3,23-09-2018,1.421
3,24-09-2018,1.636
3,25-09-2018,1.59
3,26-09-2018,1.666
3,27-09-2018,1.572
3,28-09-2018,1.719
3,29-09-2018,1.564
3,30-09-2018,1.719
3,01-10-2018,1.609
3,02-10-2018,1.569
3,03-10-2018,1.591
3,04-10-2018,1.556
3,05-10-2018,1.571
3,06-10-2018,1.579
3,07-10-2018,1.632
3,08-10-2018,1.663
3,09-10-2018,1.638
3,10-10-2018,1.687
3,11-10-2018,1.618
3,12-10-2018,1.625
3,13-10-2018,1.839
3,14-10-2018,1.595
3,15-10-2018,1.74
3,16-10-2018,1.755
3,17-10-2018,1.695
3,18-10-2018,1.675
3,19-10-2018,1.535
3,20-10-2018,1.76
3,21-10-2018,1.594
3,22-10-2018,1.71
3,23-10-2018,1.608
3,24-10-2018,1.72
3,25-10-2018,1.582
3,26-10-2018,1.757
3,27-10-2018,1.646
3,28-10-2018,1.692
3,29-10-2018,1.748
3,30-10-2018,1.657
3,31-10-2018,1.751
3,01-11-2018,1.628
3,02-11-2018,1.813
3,03-11-2018,1.799
3,04-11-2018,1.873
3,05-11-2018,1.514
3,06-11-2018,1.676
3,07-11-2018,1.751
3,08-11-2018,1.585
3,09-11-2018,1.867
3,10-11-2018,1.596
3,11-11-2018,1.727
3,12-11-2018,1.729
3,13-11-2018,1.736
3,14-11-2018,1.601
3,15-11-2018,1.768
3,16-11-2018,1.69
3,17-11-2018,1.841
3,18-11-2018,1.7
3,19-11-2018,1.767
3,20-11-2018,1.755
3,21-11-2018,1.713
3,22-11-2018,1.812
3,23-11-2018,1.594
3,24-11-2018,1.769
3,25-11-2018,1.775
3,26-11-2018,1.695
3,27-11-2018,2.016
3,28-11-2018,1.721
3,29-11-2018,1.614
3,30-11-2018,1.77
3,01-12-2018,1.69
3,02-12-2018,1.767
3,03-12-2018,1.636
3,04-12-2018,1.806
3,05-12-2018,1.74
3,06-12-2018,1.996
3,07-12-2018,1.768
3,08-12-2018,1.54
3,09-12-2018,1.729
3,10-12-2018,1.772
3,11-12-2018,1.634
3,12-12-2018,1.781
3,13-12-2018,1.713
3,14-12-2018,1.802
3,15-12-2018,1.579
3,16-12-2018,1.988
3,17-12-2018,1.766
3,18-12-2018,1.749
3,19-12-2018,1.722
3,20-12-2018,1.624
3,21-12-2018,1.956
3,22-12-2018,1.619
3,23-12-2018,1.734
3,24-12-2018,1.826
3,25-12-2018,1.706
3,26-12-2018,1.869
3,27-12-2018,1.758
3,28-12-2018,1.918
3,29-12-2018,1.734
3,30-12-2018,1.829
3,31-12-2018,1.913
3,01-01-2019,1.79
3,02-01-2019,1.673
3,03-01-2019,1.946
3,04-01-2019,1.625
3,05-01-2019,1.805
3,06-01-2019,1.736
3,07-01-2019,1.737
3,08-01-2019,1.613
3,09-01-2019,1.822
3,10-01-2019,1.679
3,11-01-2019,1.691
3,12-01-2019,1.842
3,13-01-2019,1.853
3,14-01-2019,1.627
3,15-01-2019,1.895
3,16-01-2019,1.567
3,17-01-2019,1.713
3,18-01-2019,1.733
3,19-01-2019,1.775
3,20-01-2019,1.794
3,21-01-2019,1.665
3,22-01-2019,1.964
3,23-01-2019,1.585
3,24-01-2019,1.729
3,25-01-2019,1.764
3,26-01-2019,1.581
3,27-01-2019,1.951
3,28-01-2019,1.701
3,29-01-2019,1.779
3,30-01-2019,1.792
3,31-01-2019,1.709
3,01-02-2019,1.822
3,02-02-2019,1.77
3,03-02-2019,1.677
3,04-02-2019,1.789
3,05-02-2019,1.829
3,06-02-2019,1.691
3,07-02-2019,1.854
3,08-02-2019,1.608
3,09-02-2019,1.726
3,10-02-2019,1.72
3,11-02-2019,1.792
3,12-02-2019,1.7
3,13-02-2019,1.794
3,14-02-2019,1.777
3,15-02-2019,1.653
3,16-02-2019,1.86
3,17-02-2019,1.605
3,18-02-2019,1.753
3,19-02-2019,1.802
3,20-02-2019,1.632
3,21-02-2019,1.758
3,22-02-2019,1.571
3,23-02-2019,1.875
3,24-02-2019,1.696
3,25-02-2019,1.751
3,26-02-2019,1.807
3,27-02-2019,1.588
3,28-02-2019,0.162
4,01-06-2017,2.866
4,02-06-2017,4.79
4,03-06-2017,5.447
4,04-06-2017,6.703
4,05-06-2017,5.056
4,06-06-2017,3.663
4,07-06-2017,3.863
4,08-06-2017,3.935
4,09-06-2017,2.612
4,10-06-2017,3.208
4,11-06-2017,5.173
4,12-06-2017,3.164
4,13-06-2017,3.89
4,14-06-2017,4.07
4,15-06-2017,0.032
4,16-06-2017,3.755
4,17-06-2017,3.005
4,18-06-2017,4.546
4,19-06-2017,4.591
4,20-06-2017,3.511
4,21-06-2017,4.11
4,22-06-2017,2.649
4,23-06-2017,2.386
4,24-06-2017,3.023
4,25-06-2017,3.943
4,26-06-2017,4.146
4,27-06-2017,3.99
4,28-06-2017,3.519
4,29-06-2017,3.491
4,30-06-2017,4.967
4,01-07-2017,3.797
4,02-07-2017,4.255
4,03-07-2017,4.037
4,04-07-2017,4.248
4,05-07-2017,4.657
4,06-07-2017,3.495
4,07-07-2017,4.669
4,08-07-2017,3.54
4,09-07-2017,4.825
4,10-07-2017,4.841
4,11-07-2017,3.891
4,12-07-2017,4.118
4,13-07-2017,3.241
4,14-07-2017,3.035
4,15-07-2017,4.398
4,16-07-2017,3.41
4,17-07-2017,2.853
4,18-07-2017,3.804
4,19-07-2017,3.621
4,20-07-2017,4.08
4,21-07-2017,3.863
4,22-07-2017,3.102
4,23-07-2017,3.868
4,24-07-2017,2.782
4,25-07-2017,3.315
4,26-07-2017,3.459
4,27-07-2017,4.273
4,28-07-2017,3.728
4,29-07-2017,3.319
4,30-07-2017,3.494
4,31-07-2017,3.17
4,01-08-2017,4.812
4,02-08-2017,3.615
4,03-08-2017,3.223
4,04-08-2017,3.999
4,05-08-2017,3.339
4,06-08-2017,4.892
4,07-08-2017,4.127
4,08-08-2017,3.985
4,09-08-2017,4.193
4,10-08-2017,4.081
4,11-08-2017,7.148
4,12-08-2017,4.47
4,13-08-2017,4.108
4,14-08-2017,4.117
4,15-08-2017,4.202
4,16-08-2017,4.773
4,17-08-2017,2.278
4,18-08-2017,1.987
4,19-08-2017,2.068
4,20-08-2017,3.036
4,21-08-2017,4.283
4,22-08-2017,4.181
4,23-08-2017,4.204
4,24-08-2017,3.865
4,25-08-2017,4.383
4,26-08-2017,4.499
4,27-08-2017,4.771
4,28-08-2017,4.555
4,29-08-2017,4.168
4,30-08-2017,5.013
4,31-08-2017,5.036
4,01-09-2017,4.428
4,02-09-2017,4.397
4,03-09-2017,3.797
4,04-09-2017,4.301
4,05-09-2017,4.116
4,06-09-2017,4.295
4,07-09-2017,3.779
4,08-09-2017,4.418
4,09-09-2017,4.042
4,10-09-2017,2.533
4,11-09-2017,1.917
4,12-09-2017,1.808
4,13-09-2017,1.78
4,14-09-2017,1.762
4,15-09-2017,1.759
4,16-09-2017,2.853
4,17-09-2017,4.197
4,18-09-2017,2.988
4,19-09-2017,4.298
4,20-09-2017,2.73
4,21-09-2017,5.044
4,22-09-2017,4.306
4,23-09-2017,4.281
4,24-09-2017,4.563
4,25-09-2017,4.921
4,26-09-2017,4.076
4,27-09-2017,3.905
4,28-09-2017,4.329
4,29-09-2017,3.032
4,30-09-2017,3.653
4,01-10-2017,5.448
4,02-10-2017,4.196
4,03-10-2017,4.275
4,04-10-2017,4.846
4,05-10-2017,4.095
4,06-10-2017,3.938
4,07-10-2017,4.746
4,08-10-2017,4.54
4,09-10-2017,4.383
4,10-10-2017,4.352
4,11-10-2017,4.363
4,12-10-2017,4.448
4,13-10-2017,5.177
4,14-10-2017,4.668
4,15-10-2017,8.097
4,16-10-2017,3.938
4,17-10-2017,4.55
4,18-10-2017,4.427
4,19-10-2017,4.84
4,20-10-2017,4.701
4,21-10-2017,4.132
4,22-10-2017,4.203
4,23-10-2017,4.758
4,24-10-2017,2.986
4,25-10-2017,3.63
4,26-10-2017,5.62
4,27-10-2017,4.356
4,28-10-2017,4.066
4,29-10-2017,4.73
4,30-10-2017,5.238
4,31-10-2017,4.827
4,01-11-2017,4.916
4,02-11-2017,4.691
4,03-11-2017,5.03
4,04-11-2017,11.291
4,05-11-2017,4.311
4,06-11-2017,4.016
4,07-11-2017,5.526
4,08-11-2017,4.122
4,09-11-2017,5.415
4,10-11-2017,5.165
4,11-11-2017,4.043
4,12-11-2017,4.642
4,13-11-2017,4.229
4,14-11-2017,4.9
4,15-11-2017,4.391
4,16-11-2017,4.361
4,17-11-2017,3.552
4,18-11-2017,5.611
4,19-11-2017,3.939
4,20-11-2017,5.737
4,21-11-2017,4.844
4,22-11-2017,4.848
4,23-11-2017,5.13
4,24-11-2017,5.188
4,25-11-2017,3.195
4,26-11-2017,5.902
4,27-11-2017,5.722
4,28-11-2017,6.04
4,29-11-2017,4.898
4,30-11-2017,4.859
4,01-12-2017,5.451
4,02-12-2017,6.766
4,03-12-2017,6.114
4,04-12-2017,4.273
4,05-12-2017,5.769
4,06-12-2017,4.5
4,07-12-2017,6.062
4,08-12-2017,6.118
4,09-12-2017,5.394
4,10-12-2017,5.784
4,11-12-2017,5.336
4,12-12-2017,5.215
4,13-12-2017,5.816
4,14-12-2017,7.092
4,15-12-2017,5.935
4,16-12-2017,5.955
4,17-12-2017,5.922
4,18-12-2017,5.267
4,19-12-2017,5.971
4,20-12-2017,5.745
4,21-12-2017,5.917
4,22-12-2017,6.76
4,23-12-2017,6.096
4,24-12-2017,5.626
4,25-12-2017,11.777
4,26-12-2017,4.308
4,27-12-2017,7.089
4,28-12-2017,7.773
4,29-12-2017,8.839
4,30-12-2017,6.021
4,31-12-2017,5.301
4,01-01-2018,4.339
4,02-01-2018,5.7
4,03-01-2018,5.177
4,04-01-2018,6.188
4,05-01-2018,5.369
4,06-01-2018,11.436
4,07-01-2018,5.689
4,08-01-2018,3.753
4,09-01-2018,5.092
4,10-01-2018,5.24
4,11-01-2018,5.895
4,12-01-2018,5.324
4,13-01-2018,5.017
4,14-01-2018,6.436
4,15-01-2018,5.737
4,16-01-2018,6.361
4,17-01-2018,5.228
4,18-01-2018,6.7
4,19-01-2018,6.195
4,20-01-2018,6.378
4,21-01-2018,5.511
4,22-01-2018,5.659
4,23-01-2018,6.024
4,24-01-2018,5.693
4,25-01-2018,5.743
4,26-01-2018,5.769
4,27-01-2018,5.641
4,28-01-2018,8.153
4,29-01-2018,4.827
4,30-01-2018,4.762
4,31-01-2018,4.923
4,01-02-2018,5.303
4,02-02-2018,5.184
4,03-02-2018,12.446
4,04-02-2018,4.553
4,05-02-2018,4.788
4,06-02-2018,5.861
4,07-02-2018,4.993
4,08-02-2018,4.971
4,09-02-2018,5.922
4,10-02-2018,4.764
4,11-02-2018,5.235
4,12-02-2018,6.013
4,13-02-2018,4.01
4,14-02-2018,5.408
4,15-02-2018,4.74
4,16-02-2018,4.206
4,17-02-2018,5.35
4,18-02-2018,5.093
4,19-02-2018,4.259
4,20-02-2018,5.549
4,21-02-2018,4.517
4,22-02-2018,6.176
4,23-02-2018,5.81
4,24-02-2018,4.821
4,25-02-2018,7.491
4,26-02-2018,5.056
4,27-02-2018,3.565
4,28-02-2018,5.623
4,01-03-2018,6.301
4,02-03-2018,5.542
4,03-03-2018,5.876
4,04-03-2018,5.447
4,05-03-2018,5.073
4,06-03-2018,6.216
4,07-03-2018,5.036
4,08-03-2018,5.26
4,09-03-2018,5.052
4,10-03-2018,4.743
4,11-03-2018,5.35
4,12-03-2018,4.422
4,13-03-2018,5.277
4,14-03-2018,6.332
4,15-03-2018,5.5
4,16-03-2018,5.281
4,17-03-2018,8.328
4,18-03-2018,7.844
4,19-03-2018,4.948
4,20-03-2018,4.911
4,21-03-2018,4.201
4,22-03-2018,5.591
4,23-03-2018,5.468
4,24-03-2018,4.963
4,25-03-2018,5.685
4,26-03-2018,5.25
4,27-03-2018,5.156
4,28-03-2018,4.309
4,29-03-2018,4.494
4,30-03-2018,3.873
4,31-03-2018,5.151
4,01-04-2018,6.76
4,02-04-2018,5.115
4,03-04-2018,5.124
4,04-04-2018,5.547
4,05-04-2018,5.976
4,06-04-2018,4.651
4,07-04-2018,3.941
4,08-04-2018,5.567
4,09-04-2018,2.831
4,10-04-2018,4.467
4,11-04-2018,4.95
4,12-04-2018,4.564
4,13-04-2018,5.496
4,14-04-2018,3.703
4,15-04-2018,4.102
4,16-04-2018,3.399
4,17-04-2018,4.025
4,18-04-2018,2.663
4,19-04-2018,4.316
4,20-04-2018,3.02
4,21-04-2018,3.16
4,22-04-2018,4.071
4,23-04-2018,4.011
4,24-04-2018,2.76
4,25-04-2018,4.851
4,26-04-2018,4.142
4,27-04-2018,4.713
4,28-04-2018,4.63
4,29-04-2018,4.366
4,30-04-2018,4.395
4,01-05-2018,2.911
4,02-05-2018,4.117
4,03-05-2018,3.189
4,04-05-2018,4.119
4,05-05-2018,5.492
4,06-05-2018,4.487
4,07-05-2018,3.877
4,08-05-2018,2.458
4,09-05-2018,3.788
4,10-05-2018,3.037
4,11-05-2018,3.398
4,12-05-2018,4.166
4,13-05-2018,4.022
4,14-05-2018,5.273
4,15-05-2018,3.656
4,16-05-2018,3.022
4,17-05-2018,4.022
4,18-05-2018,2.021
4,19-05-2018,1.458
4,20-05-2018,1.479
4,21-05-2018,1.474
4,22-05-2018,2.544
4,23-05-2018,4.953
4,24-05-2018,5.146
4,25-05-2018,7.581
4,26-05-2018,3.113
4,27-05-2018,4.152
4,28-05-2018,3.96
4,29-05-2018,4.426
4,30-05-2018,3.34
4,31-05-2018,3.528
4,01-06-2018,2.347
4,02-06-2018,3.846
4,03-06-2018,3.772
4,04-06-2018,3.747
4,05-06-2018,3.119
4,06-06-2018,4.058
4,07-06-2018,3.585
4,08-06-2018,2.668
4,09-06-2018,2.733
4,10-06-2018,4.469
4,11-06-2018,4.649
4,12-06-2018,4.523
4,13-06-2018,2.319
4,14-06-2018,1.563
4,15-06-2018,1.56
4,16-06-2018,1.552
4,17-06-2018,1.566
4,18-06-2018,1.574
4,19-06-2018,1.632
4,20-06-2018,1.664
4,21-06-2018,1.657
4,22-06-2018,2.701
4,23-06-2018,3.186
4,24-06-2018,3.858
4,25-06-2018,2.516
4,26-06-2018,3.742
4,27-06-2018,3.268
4,28-06-2018,4.088
4,29-06-2018,4.917
4,30-06-2018,3.733
4,01-07-2018,4.851
4,02-07-2018,2.67
4,03-07-2018,3.932
4,04-07-2018,4.248
4,05-07-2018,3.524
4,06-07-2018,2.504
4,07-07-2018,3.723
4,08-07-2018,3.261
4,09-07-2018,3.624
4,10-07-2018,4.083
4,11-07-2018,3.433
4,12-07-2018,3.269
4,13-07-2018,4.629
4,14-07-2018,3.148
4,15-07-2018,5.076
4,16-07-2018,3.67
4,17-07-2018,3.57
4,18-07-2018,3.728
4,19-07-2018,3.304
4,20-07-2018,3.965
4,21-07-2018,5.663
4,22-07-2018,3.714
4,23-07-2018,4.3
4,24-07-2018,2.959
4,25-07-2018,3.931
4,26-07-2018,3.983
4,27-07-2018,3.682
4,28-07-2018,3.704
4,29-07-2018,4.471
4,30-07-2018,3.348
4,31-07-2018,3.954
4,01-08-2018,3.777
4,02-08-2018,4.235
4,03-08-2018,3.751
4,04-08-2018,4.292
4,05-08-2018,4.14
4,06-08-2018,3.652
4,07-08-2018,4.136
4,08-08-2018,4.085
4,09-08-2018,3.823
4,10-08-2018,2.856
4,11-08-2018,4.534
4,12-08-2018,4.238
4,13-08-2018,3.711
4,14-08-2018,3.74
4,15-08-2018,3.191
4,16-08-2018,4.232
4,17-08-2018,3.981
4,18-08-2018,4.42
4,19-08-2018,4.314
4,20-08-2018,3.197
4,21-08-2018,3.779
4,22-08-2018,3.851
4,23-08-2018,3.895
4,24-08-2018,4.063
4,25-08-2018,3.279
4,26-08-2018,4.383
4,27-08-2018,3.728
4,28-08-2018,4.778
4,29-08-2018,2.235
4,30-08-2018,1.882
4,31-08-2018,1.857
4,01-09-2018,1.772
4,02-09-2018,1.768
4,03-09-2018,1.795
4,04-09-2018,1.833
4,05-09-2018,1.86
4,06-09-2018,3.926
4,07-09-2018,4.032
4,08-09-2018,3.479
4,09-09-2018,4.101
4,10-09-2018,3.619
4,11-09-2018,4.153
4,12-09-2018,3.624
4,13-09-2018,4.843
4,14-09-2018,4.291
4,15-09-2018,4.786
4,16-09-2018,7.628
4,17-09-2018,3.561
4,18-09-2018,3.556
4,19-09-2018,4.175
4,20-09-2018,4.997
4,21-09-2018,3.735
4,22-09-2018,4.053
4,23-09-2018,4.575
4,24-09-2018,4.06
4,25-09-2018,2.582
4,26-09-2018,4.234
4,27-09-2018,4.675
4,28-09-2018,4.201
4,29-09-2018,4.038
4,30-09-2018,4.394
4,01-10-2018,7.08
4,02-10-2018,4.927
4,03-10-2018,4.652
4,04-10-2018,6.456
4,05-10-2018,4.261
4,06-10-2018,5.007
4,07-10-2018,5.063
4,08-10-2018,5.571
4,09-10-2018,6.249
4,10-10-2018,4.275
4,11-10-2018,4.925
4,12-10-2018,4.628
4,13-10-2018,4.628
4,14-10-2018,4.952
4,15-10-2018,5.454
4,16-10-2018,5.312
4,17-10-2018,4.328
4,18-10-2018,5.759
4,19-10-2018,2.614
4,20-10-2018,1.722
4,21-10-2018,1.672
4,22-10-2018,1.698
4,23-10-2018,1.689
4,24-10-2018,1.665
4,25-10-2018,1.674
4,26-10-2018,3.048
4,27-10-2018,4.637
4,28-10-2018,5.389
4,29-10-2018,6.058
4,30-10-2018,5.073
4,31-10-2018,4.683
4,01-11-2018,4.582
4,02-11-2018,4.242
4,03-11-2018,2.418
4,04-11-2018,4.708
4,05-11-2018,5.556
4,06-11-2018,5.572
4,07-11-2018,3.859
4,08-11-2018,6.421
4,09-11-2018,4.456
4,10-11-2018,8.54
4,11-11-2018,16.708
4,12-11-2018,4.764
4,13-11-2018,6.711
4,14-11-2018,4.872
4,15-11-2018,4.897
4,16-11-2018,5.464
4,17-11-2018,4.873
4,18-11-2018,5.333
4,19-11-2018,5.786
4,20-11-2018,5.106
4,21-11-2018,5.226
4,22-11-2018,5.242
4,23-11-2018,5.049
4,24-11-2018,5.472
4,25-11-2018,6.452
4,26-11-2018,5.969
4,27-11-2018,5.133
4,28-11-2018,5.341
4,29-11-2018,5.257
4,30-11-2018,4.231
4,01-12-2018,5.989
4,02-12-2018,5.301
4,03-12-2018,7.043
4,04-12-2018,5.51
4,05-12-2018,4.658
4,06-12-2018,6.059
4,07-12-2018,5.997
4,08-12-2018,4.912
4,09-12-2018,4.95
4,10-12-2018,4.494
4,11-12-2018,5.245
4,12-12-2018,6.182
4,13-12-2018,5.028
4,14-12-2018,5.564
4,15-12-2018,5.479
4,16-12-2018,5.693
4,17-12-2018,5.819
4,18-12-2018,5.449
4,19-12-2018,4.711
4,20-12-2018,4.704
4,21-12-2018,5.676
4,22-12-2018,5.28
4,23-12-2018,4.784
4,24-12-2018,5.241
4,25-12-2018,9.048
4,26-12-2018,3.257
4,27-12-2018,6.935
4,28-12-2018,5.71
4,29-12-2018,2.976
4,30-12-2018,4.998
4,31-12-2018,5.222
4,01-01-2019,4.114
4,02-01-2019,4.272
4,03-01-2019,6.112
4,04-01-2019,6.274
4,05-01-2019,6.641
4,06-01-2019,5.292
4,07-01-2019,5.438
4,08-01-2019,5.175
4,09-01-2019,4.649
4,10-01-2019,4.808
4,11-01-2019,4.447
4,12-01-2019,5.963
4,13-01-2019,4.56
4,14-01-2019,5.638
4,15-01-2019,4.931
4,16-01-2019,4.165
4,17-01-2019,5.385
4,18-01-2019,6.122
4,19-01-2019,6.121
4,20-01-2019,6.192
4,21-01-2019,5.15
4,22-01-2019,5.807
4,23-01-2019,4.73
4,24-01-2019,5.453
4,25-01-2019,4.42
4,26-01-2019,5.695
4,27-01-2019,5.035
4,28-01-2019,4.699
4,29-01-2019,6.45
4,30-01-2019,5.144
4,31-01-2019,4.829
4,01-02-2019,4.833
4,02-02-2019,4.24
4,03-02-2019,7.682
4,04-02-2019,5.801
4,05-02-2019,5.651
4,06-02-2019,4.656
4,07-02-2019,5.168
4,08-02-2019,6.714
4,09-02-2019,4.881
4,10-02-2019,6.732
4,11-02-2019,6.469
4,12-02-2019,5.347
4,13-02-2019,5.033
4,14-02-2019,5.625
4,15-02-2019,5.268
4,16-02-2019,6.143
4,17-02-2019,6.373
4,18-02-2019,5.362
4,19-02-2019,4.85
4,20-02-2019,4.16
4,21-02-2019,5.088
4,22-02-2019,4.19
4,23-02-2019,5.369
4,24-02-2019,4.448
4,25-02-2019,4.865
4,26-02-2019,3.908
4,27-02-2019,4.638
4,28-02-2019,0.224
